{"cameraMode":{"drawMode":0,"name":"Shaded","section":"Shading Mode"},"sceneLighting":true,"audioPlay":false,"sceneViewState":{"m_AlwaysRefresh":false,"showFog":true,"showSkybox":true,"showFlares":true,"showImageEffects":true,"showParticleSystems":true,"showVisualEffectGraphs":true,"m_FxEnabled":true},"in2DMode":false,"pivot":{"x":0.35331153869628909,"y":-4.162156105041504,"z":-6.343110084533691},"rotation":{"x":0.008785659447312355,"y":0.9852267503738403,"z":-0.1625353842973709,"w":0.053253937512636188},"size":71.2784652709961,"orthographic":true}